{"gradients/network.0.bias":{"bins":[-0.0027658233884721994,-0.0026751109398901463,-0.0025843987241387367,-0.0024936862755566835,-0.002402974059805274,-0.002312261611223221,-0.0022215493954718113,-0.002130836946889758,-0.002040124498307705,-0.0019494122825562954,-0.001858699950389564,-0.0017679876182228327,-0.0016772751696407795,-0.0015865628374740481,-0.0014958505053073168,-0.0014051381731405854,-0.001314425840973854,-0.0012237135088071227,-0.0011330011766403913,-0.00104228884447366,-0.0009515765123069286,-0.0008608640637248755,-0.0007701518479734659,-0.0006794393993914127,-0.0005887269508093596,-0.00049801473505795,-0.00040730228647589684,-0.0003165900707244873,-0.00022587762214243412,-0.0001351654063910246,-4.4452957808971405e-05,4.6259257942438126e-05,0.00013697193935513496,0.00022768438793718815,0.0003183966036885977,0.00040910905227065086,0.0004998212680220604,0.0005905337166041136,0.0006812459323555231,0.0007719583809375763,0.0008626705966889858,0.000953383045271039,0.0010440954938530922,0.0011348077096045017,0.001225520158186555,0.0013162324903532863,0.0014069448225200176,0.001497657154686749,0.0015883694868534803,0.0016790818190202117,0.001769794151186943,0.0018605064833536744,0.0019512188155204058,0.002041931264102459,0.0021326434798538685,0.0022233559284359217,0.002314068377017975,0.0024047805927693844,0.002495492808520794,0.002586205257102847,0.0026769177056849003,0.00276762992143631,0.002858342370018363,0.0029490545857697725,0.0030397670343518257],"_type":"histogram","values":[1,0,0,0,1,0,0,0,0,0,0,0,0,0,0,0,0,0,1,0,1,3,1,2,0,1,0,2,3,6,93,2,0,1,2,1,1,1,0,0,1,0,0,0,1,0,0,1,0,0,0,0,0,0,0,0,0,0,1,0,0,0,0,1]},"parameters/network.6.bias":{"values":[1,0,0,0,0,0,0,0,0,0,1,0,0,0,0,0,0,0,0,0,0,1,1,0,0,0,0,0,1,0,0,0,0,0,0,0,1,0,0,0,0,0,0,0,0,0,0,0,1,0,1,0,1,0,0,0,0,0,0,0,0,0,0,1],"bins":[-0.44478803873062134,-0.43126049637794495,-0.41773298382759094,-0.40420544147491455,-0.39067792892456055,-0.37715038657188416,-0.36362284421920776,-0.35009533166885376,-0.33656781911849976,-0.32304027676582336,-0.309512734413147,-0.29598522186279297,-0.2824576795101166,-0.2689301371574402,-0.2554026246070862,-0.24187509715557098,-0.2283475697040558,-0.2148200422525406,-0.2012925148010254,-0.187764972448349,-0.174237459897995,-0.1607099175453186,-0.1471824049949646,-0.1336548626422882,-0.12012732028961182,-0.10659980773925781,-0.09307226538658142,-0.07954475283622742,-0.06601721048355103,-0.05248969793319702,-0.03896215558052063,-0.025434643030166626,-0.011907100677490234,0.0016204416751861572,0.015147954225540161,0.028675496578216553,0.04220300912857056,0.05573055148124695,0.06925806403160095,0.08278560638427734,0.09631311893463135,0.10984066128730774,0.12336820363998413,0.13689571619033813,0.15042325854301453,0.16395077109336853,0.17747831344604492,0.19100584089756012,0.20453336834907532,0.21806089580059052,0.2315884232521057,0.2451159507036209,0.2586434781551361,0.2721710205078125,0.2856985330581665,0.2992260754108429,0.3127536177635193,0.3262811303138733,0.3398086428642273,0.3533361852169037,0.3668637275695801,0.3803912401199341,0.3939187824726105,0.4074462950229645,0.42097383737564087],"_type":"histogram"},"parameters/network.3.bias":{"bins":[-3.516045093536377,-3.430269479751587,-3.3444936275482178,-3.2587180137634277,-3.1729423999786377,-3.0871667861938477,-3.0013909339904785,-2.9156153202056885,-2.8298397064208984,-2.7440638542175293,-2.6582882404327393,-2.572512626647949,-2.48673677444458,-2.40096116065979,-2.315185546875,-2.229409694671631,-2.143634080886841,-2.057858467102051,-1.9720827341079712,-1.8863070011138916,-1.8005313873291016,-1.714755654335022,-1.6289799213409424,-1.5432043075561523,-1.4574284553527832,-1.3716528415679932,-1.2858772277832031,-1.200101613998413,-1.114325761795044,-1.028550148010254,-0.9427745342254639,-0.8569986820220947,-0.7712231874465942,-0.6854475736618042,-0.5996717214584351,-0.513896107673645,-0.428120493888855,-0.34234464168548584,-0.2565690279006958,-0.17079341411590576,-0.08501780033111572,0.000758051872253418,0.08653366565704346,0.17230939865112305,0.25808513164520264,0.3438607454299927,0.42963647842407227,0.5154120922088623,0.6011878252029419,0.6869635581970215,0.7727391719818115,0.8585149049758911,0.9442905187606812,1.0300662517547607,1.1158419847488403,1.20161771774292,1.28739333152771,1.3731689453125,1.4589446783065796,1.5447204113006592,1.6304960250854492,1.7162717580795288,1.8020474910736084,1.8878231048583984,1.973598837852478],"_type":"histogram","values":[1,0,0,1,1,0,4,1,2,2,0,4,0,0,2,1,0,4,2,1,0,2,3,0,1,0,1,0,2,0,0,1,0,0,0,0,2,2,2,2,1,1,0,1,0,4,0,0,3,0,0,2,1,1,2,0,1,0,0,2,0,0,0,1]},"_runtime":198.7421163,"parameters/network.6.weight":{"_type":"histogram","values":[1,0,0,0,0,2,0,2,2,0,1,0,2,2,1,2,2,0,6,1,3,5,2,6,4,4,6,12,11,8,11,11,18,11,16,15,24,25,23,34,28,31,40,33,30,22,23,21,16,24,22,19,12,9,12,5,9,3,1,2,1,2,1,1],"bins":[-0.7476770281791687,-0.7298440933227539,-0.7120110988616943,-0.6941781044006348,-0.67634516954422,-0.6585122346878052,-0.6406792402267456,-0.622846245765686,-0.6050133109092712,-0.5871803760528564,-0.5693473815917969,-0.5515143871307373,-0.5336814522743225,-0.5158485174179077,-0.49801552295684814,-0.48018255829811096,-0.4623495936393738,-0.4445166289806366,-0.4266836643218994,-0.40885069966316223,-0.39101773500442505,-0.37318477034568787,-0.3553518056869507,-0.3375188410282135,-0.3196858763694763,-0.30185291171073914,-0.28401994705200195,-0.26618698239326477,-0.2483540177345276,-0.23052102327346802,-0.21268808841705322,-0.19485515356063843,-0.17702218890190125,-0.15918919444084167,-0.14135625958442688,-0.12352332472801208,-0.10569033026695251,-0.08785736560821533,-0.07002440094947815,-0.05219143629074097,-0.034358471632003784,-0.0165255069732666,0.001307457685470581,0.019140422344207764,0.036973387002944946,0.05480635166168213,0.07263931632041931,0.0904722809791565,0.10830524563789368,0.12613821029663086,0.14397117495536804,0.16180413961410522,0.1796371042728424,0.1974700689315796,0.21530303359031677,0.23313599824905396,0.25096896290779114,0.2688019275665283,0.2866348922252655,0.3044678568840027,0.32230082154273987,0.34013378620147705,0.35796675086021423,0.3757997155189514,0.3936326801776886]},"Epoch Training Loss":0.2922884508260468,"epoch":10,"parameters/network.0.weight":{"bins":[-5.473654270172119,-5.328737735748291,-5.183820724487305,-5.038904190063477,-4.893987655639648,-4.74907112121582,-4.604154586791992,-4.459237575531006,-4.314321041107178,-4.16940450668335,-4.024487495422363,-3.879570960998535,-3.734654426574707,-3.589737892150879,-3.4448211193084717,-3.2999043464660645,-3.1549878120422363,-3.010071277618408,-2.865154504776001,-2.7202377319335938,-2.5753211975097656,-2.4304046630859375,-2.2854878902435303,-2.140571117401123,-1.995654582977295,-1.8507380485534668,-1.7058212757110596,-1.5609045028686523,-1.4159879684448242,-1.271071434020996,-1.1261544227600098,-0.9812378883361816,-0.8363215923309326,-0.6914050579071045,-0.5464885234832764,-0.40157151222229004,-0.2566549777984619,-0.11173844337463379,0.03317832946777344,0.17809510231018066,0.3230116367340088,0.4679281711578369,0.6128449440002441,0.7577617168426514,0.9026782512664795,1.0475947856903076,1.1925115585327148,1.337428331375122,1.4823448657989502,1.6272614002227783,1.7721781730651855,1.9170948266983032,2.062011480331421,2.206928253173828,2.3518447875976562,2.4967613220214844,2.6416780948638916,2.786594867706299,2.931511402130127,3.076427936553955,3.2213447093963623,3.3662614822387695,3.5111780166625977,3.656094551086426,3.801011323928833],"_type":"histogram","values":[1,1,9,2,6,5,5,7,9,12,16,4,15,18,22,34,37,37,37,42,81,87,107,118,165,202,254,357,428,538,859,1049,1373,1781,2507,3410,4923,18914,25935,12212,13322,5831,2052,1261,806,582,349,197,131,89,50,23,13,9,8,3,2,1,1,1,1,0,0,1]},"parameters/network.0.bias":{"values":[1,0,0,0,0,0,0,0,0,0,0,0,0,0,0,1,1,1,1,1,2,0,0,0,4,1,3,2,4,1,3,2,5,3,3,6,4,3,0,3,3,1,2,5,1,3,2,4,1,1,4,2,0,2,1,2,0,1,3,3,11,8,8,5],